asset_id,image_type,character_id,emotion,file_path,is_placeholder,description
PROT_001,character_sprite,protagonist,default,/assets/characters/protagonist/protagonist_default.png,false,主人公・通常（実画像）
PROT_002,character_sprite,protagonist,talk,/assets/characters/protagonist/protagonist_talk.png,false,主人公・口パク（実画像）
PROT_003,character_sprite,protagonist,dark,/assets/characters/protagonist/protagonist_dark.png,false,主人公・暗い表情（実画像）
PROT_004,character_sprite,protagonist,smirk,/assets/characters/protagonist/protagonist_smirk.png,false,主人公・ニヤリ（実画像）
PROT_005,character_sprite,protagonist,shocked,/assets/characters/protagonist/protagonist_緊迫.png,false,主人公・驚き/緊迫（実画像）
PROT_006,character_sprite,protagonist,terrified,/assets/characters/protagonist/protagonist_緊迫.png,false,主人公・恐怖（実画像）
PROT_007,character_sprite,protagonist,desperate,/assets/characters/protagonist/protagonist_緊迫.png,false,主人公・必死（実画像）
PROT_008,character_sprite,protagonist,panicked,/assets/characters/protagonist/protagonist_緊迫.png,false,主人公・パニック（実画像）
PROT_009,character_sprite,protagonist,confused,/assets/characters/protagonist/protagonist_default.png,false,主人公・混乱（実画像）
CHR_001,character_sprite,airi,smile,/assets/characters/CHR_001_airi_smile.png,true,愛莉・笑顔
CHR_002,character_sprite,airi,normal,/assets/characters/CHR_002_airi_normal.png,true,愛莉・通常
CHR_002_REAL,character_sprite,airi,default,/assets/characters/airi/airi_default.png,false,愛莉・通常（実画像）
CHR_002_TALK,character_sprite,airi,talk,/assets/characters/airi/airi_talk.png,false,愛莉・口パク（実画像）
CHR_003_REAL,character_sprite,airi,blush,/assets/characters/airi/airi_default.png,false,愛莉・赤面（暫定：default使用）
CHR_004_REAL,character_sprite,airi,shy,/assets/characters/airi/airi_default.png,false,愛莉・恥じらい（暫定：default使用）
CHR_005_REAL,character_sprite,airi,sad,/assets/characters/airi/airi_default.png,false,愛莉・悲しい（暫定：default使用）
CHR_005_CONF,character_sprite,airi,confused,/assets/characters/airi/airi_default.png,false,愛莉・混乱（暫定：default使用）
CHR_006_REAL,character_sprite,airi,dark,/assets/characters/airi/airi_dark.png,false,愛莉・暗い表情（実画像）
CHR_007_REAL,character_sprite,airi,smirk,/assets/characters/airi/airi_smirk.png,false,愛莉・ニヤリ（実画像）
CHR_011,character_sprite,kaho,smile,/assets/characters/CHR_011_kaho_smile.png,true,夏帆・笑顔
CHR_012,character_sprite,kaho,normal,/assets/characters/CHR_012_kaho_normal.png,true,夏帆・通常
CHR_013,character_sprite,kaho,blush,/assets/characters/CHR_013_kaho_blush.png,true,夏帆・赤面
CHR_014,character_sprite,kaho,shy,/assets/characters/CHR_014_kaho_shy.png,true,夏帆・恥じらい
CHR_015,character_sprite,kaho,excited,/assets/characters/CHR_015_kaho_excited.png,true,夏帆・興奮
CHR_016,character_sprite,kaho,tired,/assets/characters/CHR_016_kaho_tired.png,true,夏帆・疲れ
CHR_021,character_sprite,mitsuki,smile,/assets/characters/CHR_021_mitsuki_smile.png,true,美月・笑顔
CHR_022,character_sprite,mitsuki,normal,/assets/characters/CHR_022_mitsuki_normal.png,true,美月・通常
CHR_023,character_sprite,mitsuki,blush,/assets/characters/CHR_023_mitsuki_blush.png,true,美月・赤面
CHR_024,character_sprite,mitsuki,shy,/assets/characters/CHR_024_mitsuki_shy.png,true,美月・恥じらい
CHR_025,character_sprite,mitsuki,cool,/assets/characters/CHR_025_mitsuki_cool.png,true,美月・クール
CHR_026,character_sprite,mitsuki,sad,/assets/characters/CHR_026_mitsuki_sad.png,true,美月・悲しい
CHR_031,character_sprite,misaki,smile,/assets/characters/CHR_031_misaki_smile.png,true,美咲・笑顔
CHR_032,character_sprite,misaki,normal,/assets/characters/CHR_032_misaki_normal.png,true,美咲・通常
CHR_033,character_sprite,misaki,blush,/assets/characters/CHR_033_misaki_blush.png,true,美咲・赤面
CHR_034,character_sprite,misaki,shy,/assets/characters/CHR_034_misaki_shy.png,true,美咲・恥じらい
CHR_035,character_sprite,misaki,gentle,/assets/characters/CHR_035_misaki_gentle.png,true,美咲・優しい
CHR_036,character_sprite,misaki,serious,/assets/characters/CHR_036_misaki_serious.png,true,美咲・真剣
CHR_037,character_sprite,misaki,sad,/assets/characters/CHR_037_misaki_sad.png,true,美咲・悲しい
CHR_038,character_sprite,misaki,angry,/assets/characters/CHR_038_misaki_angry.png,true,美咲・怒り（BADエンド専用）
BG_001,background,,normal,/assets/backgrounds/BG_001_classroom.jpg,true,教室の背景
BG_002,background,,normal,/assets/backgrounds/BG_002_library.jpg,true,図書室の背景
BG_003,background,,normal,/assets/backgrounds/BG_003_gym.jpg,true,体育館の背景
BG_004,background,,normal,/assets/backgrounds/BG_004_corridor.jpg,true,廊下の背景
BG_005,background,,normal,/assets/backgrounds/BG_005_arcade.jpg,true,ゲームセンターの背景
BG_006,background,,normal,/assets/backgrounds/BG_006_title.jpg,true,タイトル画面背景
BG_007,background,,normal,/assets/backgrounds/BG_007_reward.jpg,true,ご褒美シーン背景
UI_001,ui_element,,normal,/assets/ui/UI_001_button.png,true,ボタン素材
UI_002,ui_element,,normal,/assets/ui/UI_002_frame.png,true,会話フレーム
UI_003,ui_element,,normal,/assets/ui/UI_003_choice_box.png,true,選択肢ボックス
SWAP_AIRI_001,character_sprite,airi_swap,swap_curious,/assets/characters/airi/airi_swap_curious.png,true,愛莉swap・入れ替わり直後の好奇心
SWAP_AIRI_002,character_sprite,airi_swap,swap_smirk,/assets/characters/airi/airi_swap_smirk.png,true,愛莉swap・邪悪な笑み
SWAP_AIRI_003,character_sprite,airi_swap,swap_dark,/assets/characters/airi/airi_swap_dark.png,true,愛莉swap・暗い表情
SWAP_AIRI_004,character_sprite,airi_swap,swap_touching_chest,/assets/characters/airi/airi_swap_touching_chest.png,true,愛莉swap・胸を触察（NSFW_Light）
SWAP_AIRI_005,character_sprite,airi_swap,swap_with_book,/assets/characters/airi/airi_swap_with_book.png,true,愛莉swap・BL本発見
SWAP_AIRI_006,character_sprite,airi_swap,swap_undressing,/assets/characters/airi/airi_swap_undressing.png,true,愛莉swap・脱衣中（NSFW_Medium）
SWAP_AIRI_007,character_sprite,airi_swap,swap_embarrassing_pose,/assets/characters/airi/airi_swap_embarrassing_pose.png,true,愛莉swap・恥ずかしいポーズ（NSFW_Medium）
SWAP_AIRI_008,character_sprite,airi_swap,swap_exposed_top,/assets/characters/airi/airi_swap_exposed_top.png,true,愛莉swap・上半身露出（NSFW_Medium）
SWAP_AIRI_009,character_sprite,airi_swap,swap_pleasure_light,/assets/characters/airi/airi_swap_pleasure_light.png,true,愛莉swap・軽い快楽表情（NSFW_Medium）
SWAP_AIRI_010,character_sprite,airi_swap,swap_fully_exposed,/assets/characters/airi/airi_swap_fully_exposed.png,true,愛莉swap・全裸（NSFW_Hard）
SWAP_AIRI_011,character_sprite,airi_swap,swap_toys,/assets/characters/airi/airi_swap_toys.png,true,愛莉swap・道具使用（NSFW_Hard）
SWAP_AIRI_012,character_sprite,airi_swap,swap_pleasure_medium,/assets/characters/airi/airi_swap_pleasure_medium.png,true,愛莉swap・中程度快楽（NSFW_Hard）
SWAP_AIRI_013,character_sprite,airi_swap,swap_pleasure_intense,/assets/characters/airi/airi_swap_pleasure_intense.png,true,愛莉swap・強い快楽（NSFW_Hard）
SWAP_AIRI_014,character_sprite,airi_swap,swap_climax,/assets/characters/airi/airi_swap_climax.png,true,愛莉swap・絶頂表情（NSFW_Hard）
SWAP_KAHO_001,character_sprite,kaho_swap,swap_curious,/assets/characters/kaho/kaho_swap_curious.png,true,夏帆swap・筋肉質な体確認
SWAP_KAHO_002,character_sprite,kaho_swap,swap_smirk,/assets/characters/kaho/kaho_swap_smirk.png,true,夏帆swap・邪悪な笑み
SWAP_KAHO_003,character_sprite,kaho_swap,swap_dark,/assets/characters/kaho/kaho_swap_dark.png,true,夏帆swap・暗い表情
SWAP_KAHO_004,character_sprite,kaho_swap,swap_sportswear,/assets/characters/kaho/kaho_swap_sportswear.png,true,夏帆swap・スポーツウェア姿（NSFW_Light）
SWAP_KAHO_005,character_sprite,kaho_swap,swap_touching_chest,/assets/characters/kaho/kaho_swap_touching_chest.png,true,夏帆swap・Dカップ触察（NSFW_Light）
SWAP_KAHO_006,character_sprite,kaho_swap,swap_with_book,/assets/characters/kaho/kaho_swap_with_book.png,true,夏帆swap・間違った理論書
SWAP_KAHO_007,character_sprite,kaho_swap,swap_undressing_sportswear,/assets/characters/kaho/kaho_swap_undressing_sportswear.png,true,夏帆swap・スポーツウェア脱衣（NSFW_Medium）
SWAP_KAHO_008,character_sprite,kaho_swap,swap_equipment_pose,/assets/characters/kaho/kaho_swap_equipment_pose.png,true,夏帆swap・体育用具使用（NSFW_Medium）
SWAP_KAHO_009,character_sprite,kaho_swap,swap_exposed,/assets/characters/kaho/kaho_swap_exposed.png,true,夏帆swap・全裸（NSFW_Hard）
SWAP_KAHO_010,character_sprite,kaho_swap,swap_bench_press,/assets/characters/kaho/kaho_swap_bench_press.png,true,夏帆swap・ベンチプレス台調教（NSFW_Hard）
SWAP_KAHO_011,character_sprite,kaho_swap,swap_balance_ball,/assets/characters/kaho/kaho_swap_balance_ball.png,true,夏帆swap・バランスボール（NSFW_Hard）
SWAP_KAHO_012,character_sprite,kaho_swap,swap_pleasure_medium,/assets/characters/kaho/kaho_swap_pleasure_medium.png,true,夏帆swap・中程度快楽（NSFW_Hard）
SWAP_KAHO_013,character_sprite,kaho_swap,swap_pleasure_intense,/assets/characters/kaho/kaho_swap_pleasure_intense.png,true,夏帆swap・強い快楽（NSFW_Hard）
SWAP_KAHO_014,character_sprite,kaho_swap,swap_climax,/assets/characters/kaho/kaho_swap_climax.png,true,夏帆swap・絶頂表情（NSFW_Hard）
SWAP_MITSUKI_001,character_sprite,mitsuki_swap,swap_curious,/assets/characters/mitsuki/mitsuki_swap_curious.png,true,美月swap・知的美貌確認
SWAP_MITSUKI_002,character_sprite,mitsuki_swap,swap_no_glasses,/assets/characters/mitsuki/mitsuki_swap_no_glasses.png,true,美月swap・メガネなし無防備
SWAP_MITSUKI_003,character_sprite,mitsuki_swap,swap_smirk,/assets/characters/mitsuki/mitsuki_swap_smirk.png,true,美月swap・邪悪な笑み
SWAP_MITSUKI_004,character_sprite,mitsuki_swap,swap_dark,/assets/characters/mitsuki/mitsuki_swap_dark.png,true,美月swap・暗い表情
SWAP_MITSUKI_005,character_sprite,mitsuki_swap,swap_with_diary,/assets/characters/mitsuki/mitsuki_swap_with_diary.png,true,美月swap・学級日誌発見
SWAP_MITSUKI_006,character_sprite,mitsuki_swap,swap_undressing_no_glasses,/assets/characters/mitsuki/mitsuki_swap_undressing_no_glasses.png,true,美月swap・メガネなし脱衣（NSFW_Medium）
SWAP_MITSUKI_007,character_sprite,mitsuki_swap,swap_exposed_no_glasses,/assets/characters/mitsuki/mitsuki_swap_exposed_no_glasses.png,true,美月swap・メガネなし全裸（NSFW_Hard）
SWAP_MITSUKI_008,character_sprite,mitsuki_swap,swap_with_stationary,/assets/characters/mitsuki/mitsuki_swap_with_stationary.png,true,美月swap・文房具調教（NSFW_Hard）
SWAP_MITSUKI_009,character_sprite,mitsuki_swap,swap_glasses_control,/assets/characters/mitsuki/mitsuki_swap_glasses_control.png,true,美月swap・メガネ支配（NSFW_Hard）
SWAP_MITSUKI_010,character_sprite,mitsuki_swap,swap_pleasure_medium,/assets/characters/mitsuki/mitsuki_swap_pleasure_medium.png,true,美月swap・中程度快楽（NSFW_Hard）
SWAP_MITSUKI_011,character_sprite,mitsuki_swap,swap_pleasure_intense,/assets/characters/mitsuki/mitsuki_swap_pleasure_intense.png,true,美月swap・強い快楽（NSFW_Hard）
SWAP_MITSUKI_012,character_sprite,mitsuki_swap,swap_climax,/assets/characters/mitsuki/mitsuki_swap_climax.png,true,美月swap・絶頂表情（NSFW_Hard）
SWAP_MISAKI_001,character_sprite,misaki_swap,swap_curious,/assets/characters/misaki/misaki_swap_curious.png,true,美咲swap・違和感
SWAP_MISAKI_002,character_sprite,misaki_swap,swap_confused,/assets/characters/misaki/misaki_swap_confused.png,true,美咲swap・困惑
SWAP_MISAKI_003,character_sprite,misaki_swap,swap_dark,/assets/characters/misaki/misaki_swap_dark.png,true,美咲swap・不気味
SWAP_MISAKI_004,character_sprite,misaki_swap,swap_desperate_attempt,/assets/characters/misaki/misaki_swap_desperate_attempt.png,true,美咲swap・必死の調教試行（NSFW_Medium）
SWAP_MISAKI_005,character_sprite,misaki_swap,swap_failing,/assets/characters/misaki/misaki_swap_failing.png,true,美咲swap・失敗焦燥
SWAP_MISAKI_006,character_sprite,misaki_swap,swap_violated,/assets/characters/misaki/misaki_swap_violated.png,true,美咲swap・逆襲開始（NSFW_Hard・BADエンド）
SWAP_MISAKI_007,character_sprite,misaki_swap,swap_pain,/assets/characters/misaki/misaki_swap_pain.png,true,美咲swap・苦痛表情（NSFW_Hard・BADエンド）
SWAP_MISAKI_008,character_sprite,misaki_swap,swap_desperate,/assets/characters/misaki/misaki_swap_desperate.png,true,美咲swap・必死懇願（NSFW_Hard・BADエンド）
SWAP_MISAKI_009,character_sprite,misaki_swap,swap_climax_forced,/assets/characters/misaki/misaki_swap_climax_forced.png,true,美咲swap・強制絶頂（NSFW_Hard・BADエンド）
SWAP_MISAKI_010,character_sprite,misaki_swap,swap_ahegao,/assets/characters/misaki/misaki_swap_ahegao.png,true,美咲swap・アヘ顔（NSFW_Hard・BADエンド）
SWAP_MISAKI_011,character_sprite,misaki_swap,swap_broken,/assets/characters/misaki/misaki_swap_broken.png,true,美咲swap・精神崩壊（NSFW_Hard・BADエンド）
SWAP_MISAKI_012,character_sprite,misaki_swap,swap_ahegao_dying,/assets/characters/misaki/misaki_swap_ahegao_dying.png,true,美咲swap・アヘ顔で首絞め（NSFW_Hard・BADエンド）
