asset_id,character,emotion_pose,file_path,stage,dialogue_ids,priority,nsfw_level,description,制作状況
SWAP_AIRI_001,airi,swap_curious,/assets/characters/airi/airi_swap_curious.png,2,airi_stage2_1|airi_stage2_2,高,SFW,入れ替わり直後・好奇心で自分の体を見ている,未制作
SWAP_AIRI_002,airi,swap_smirk,/assets/characters/airi/airi_swap_smirk.png,2,airi_stage2_3|airi_stage2_7|airi_stage2_12,高,SFW,ニヤリとした邪悪な笑み・計画通り,未制作
SWAP_AIRI_003,airi,swap_dark,/assets/characters/airi/airi_swap_dark.png,2,airi_stage2_6|airi_stage2_9|airi_stage2_11,高,SFW,暗い表情・邪悪な計画中,未制作
SWAP_AIRI_004,airi,swap_touching_chest,/assets/characters/airi/airi_swap_touching_chest.png,2,airi_stage2_8|airi_stage2_10,高,NSFW_Light,自分の胸を触って観察している,未制作
SWAP_AIRI_005,airi,swap_with_book,/assets/characters/airi/airi_swap_with_book.png,2,airi_stage2_5,中,SFW,BL本を見つけて読んでいる・ニヤリ,未制作
SWAP_AIRI_006,airi,swap_undressing,/assets/characters/airi/airi_swap_undressing.png,3,airi_stage3_3|airi_stage3_4,高,NSFW_Medium,服を脱ぎかけている・証拠写真用,未制作
SWAP_AIRI_007,airi,swap_embarrassing_pose,/assets/characters/airi/airi_swap_embarrassing_pose.png,3,airi_stage3_4|airi_stage3_5,高,NSFW_Medium,恥ずかしいポーズをとっている,未制作
SWAP_AIRI_008,airi,swap_exposed_top,/assets/characters/airi/airi_swap_exposed_top.png,3,airi_stage3_5|airi_stage3_6,高,NSFW_Medium,上半身露出・スマホで撮影中,未制作
SWAP_AIRI_009,airi,swap_pleasure_light,/assets/characters/airi/airi_swap_pleasure_light.png,3,airi_stage3_7|airi_stage3_8,中,NSFW_Medium,軽い快楽表情・頬が染まっている,未制作
SWAP_AIRI_010,airi,swap_fully_exposed,/assets/characters/airi/airi_swap_fully_exposed.png,4,airi_stage4_3|airi_stage4_6,高,NSFW_Hard,全裸状態・調教準備中,未制作
SWAP_AIRI_011,airi,swap_toys,/assets/characters/airi/airi_swap_toys.png,4,airi_stage4_4|airi_stage4_5,高,NSFW_Hard,隠していた道具を使用中,未制作
SWAP_AIRI_012,airi,swap_pleasure_medium,/assets/characters/airi/airi_swap_pleasure_medium.png,4,airi_stage4_7|airi_stage4_8,高,NSFW_Hard,中程度の快楽表情・口半開き,未制作
SWAP_AIRI_013,airi,swap_pleasure_intense,/assets/characters/airi/airi_swap_pleasure_intense.png,4,airi_stage4_8|airi_stage4_9|airi_stage5_7|airi_stage5_8,高,NSFW_Hard,強い快楽・目がとろけている,未制作
SWAP_AIRI_014,airi,swap_climax,/assets/characters/airi/airi_swap_climax.png,4,airi_stage4_9|airi_stage5_9|airi_stage5_10,高,NSFW_Hard,絶頂直前/絶頂中の表情,未制作
SWAP_KAHO_001,kaho,swap_curious,/assets/characters/kaho/kaho_swap_curious.png,2,kaho_stage2_1|kaho_stage2_2,高,SFW,入れ替わり直後・筋肉質な体を確認,未制作
SWAP_KAHO_002,kaho,swap_smirk,/assets/characters/kaho/kaho_swap_smirk.png,2,kaho_stage2_2|kaho_stage2_4|kaho_stage2_7,高,SFW,ニヤリとした邪悪な笑み,未制作
SWAP_KAHO_003,kaho,swap_dark,/assets/characters/kaho/kaho_swap_dark.png,2,kaho_stage2_5|kaho_stage2_8,高,SFW,暗い表情・邪悪な計画中,未制作
SWAP_KAHO_004,kaho,swap_sportswear,/assets/characters/kaho/kaho_swap_sportswear.png,2,kaho_stage2_6|kaho_stage2_7,中,NSFW_Light,スポーツウェア姿で体を触察,未制作
SWAP_KAHO_005,kaho,swap_touching_chest,/assets/characters/kaho/kaho_swap_touching_chest.png,2,kaho_stage2_7,高,NSFW_Light,Dカップの胸を触っている,未制作
SWAP_KAHO_006,kaho,swap_with_book,/assets/characters/kaho/kaho_swap_with_book.png,3,kaho_stage3_1|kaho_stage3_2,中,SFW,間違ったスポーツ理論書を見ている,未制作
SWAP_KAHO_007,kaho,swap_undressing_sportswear,/assets/characters/kaho/kaho_swap_undressing_sportswear.png,3,kaho_stage3_3|kaho_stage3_4,高,NSFW_Medium,スポーツウェアを脱ぎかけ,未制作
SWAP_KAHO_008,kaho,swap_equipment_pose,/assets/characters/kaho/kaho_swap_equipment_pose.png,3,kaho_stage3_4|kaho_stage3_5|kaho_stage3_6,高,NSFW_Medium,体育用具（縄跳び等）と一緒,未制作
SWAP_KAHO_009,kaho,swap_exposed,/assets/characters/kaho/kaho_swap_exposed.png,4,kaho_stage4_3|kaho_stage4_4,高,NSFW_Hard,全裸・引き締まった体,未制作
SWAP_KAHO_010,kaho,swap_bench_press,/assets/characters/kaho/kaho_swap_bench_press.png,4,kaho_stage4_3|kaho_stage4_4,高,NSFW_Hard,ベンチプレス台での調教,未制作
SWAP_KAHO_011,kaho,swap_balance_ball,/assets/characters/kaho/kaho_swap_balance_ball.png,4,kaho_stage4_5,中,NSFW_Hard,バランスボール上で無理な体勢,未制作
SWAP_KAHO_012,kaho,swap_pleasure_medium,/assets/characters/kaho/kaho_swap_pleasure_medium.png,4,kaho_stage4_5|kaho_stage4_6,高,NSFW_Hard,中程度の快楽・アスリート体の反応,未制作
SWAP_KAHO_013,kaho,swap_pleasure_intense,/assets/characters/kaho/kaho_swap_pleasure_intense.png,5,kaho_stage5_7,高,NSFW_Hard,強い快楽・調教済みの体,未制作
SWAP_KAHO_014,kaho,swap_climax,/assets/characters/kaho/kaho_swap_climax.png,5,kaho_stage5_7,高,NSFW_Hard,絶頂表情・健康的な体型,未制作
SWAP_MITSUKI_001,mitsuki,swap_curious,/assets/characters/mitsuki/mitsuki_swap_curious.png,2,mitsuki_stage2_1|mitsuki_stage2_2,高,SFW,入れ替わり直後・知的な美貌確認,未制作
SWAP_MITSUKI_002,mitsuki,swap_no_glasses,/assets/characters/mitsuki/mitsuki_swap_no_glasses.png,2,mitsuki_stage2_2|mitsuki_stage2_6|mitsuki_stage2_7,高,SFW,メガネを外して無防備な状態,未制作
SWAP_MITSUKI_003,mitsuki,swap_smirk,/assets/characters/mitsuki/mitsuki_swap_smirk.png,2,mitsuki_stage2_4|mitsuki_stage2_7,高,SFW,ニヤリとした邪悪な笑み,未制作
SWAP_MITSUKI_004,mitsuki,swap_dark,/assets/characters/mitsuki/mitsuki_swap_dark.png,2,mitsuki_stage2_5,高,SFW,暗い表情・弱みを握った,未制作
SWAP_MITSUKI_005,mitsuki,swap_with_diary,/assets/characters/mitsuki/mitsuki_swap_with_diary.png,2,mitsuki_stage2_3|mitsuki_stage2_4,中,SFW,学級日誌を読んでいる,未制作
SWAP_MITSUKI_006,mitsuki,swap_undressing_no_glasses,/assets/characters/mitsuki/mitsuki_swap_undressing_no_glasses.png,3,mitsuki_stage3_3|mitsuki_stage3_4,高,NSFW_Medium,メガネなし・服を脱ぎかけ,未制作
SWAP_MITSUKI_007,mitsuki,swap_exposed_no_glasses,/assets/characters/mitsuki/mitsuki_swap_exposed_no_glasses.png,3,mitsuki_stage3_4|mitsuki_stage3_5,高,NSFW_Hard,メガネなし・全裸・撮影中,未制作
SWAP_MITSUKI_008,mitsuki,swap_with_stationary,/assets/characters/mitsuki/mitsuki_swap_with_stationary.png,4,mitsuki_stage4_3|mitsuki_stage4_4,高,NSFW_Hard,文房具を使った調教,未制作
SWAP_MITSUKI_009,mitsuki,swap_glasses_control,/assets/characters/mitsuki/mitsuki_swap_glasses_control.png,4,mitsuki_stage4_4|mitsuki_stage4_5|mitsuki_stage4_6,高,NSFW_Hard,メガネをかけたり外したり・支配,未制作
SWAP_MITSUKI_010,mitsuki,swap_pleasure_medium,/assets/characters/mitsuki/mitsuki_swap_pleasure_medium.png,4,mitsuki_stage4_5|mitsuki_stage4_6,高,NSFW_Hard,中程度の快楽・理性と肉体のギャップ,未制作
SWAP_MITSUKI_011,mitsuki,swap_pleasure_intense,/assets/characters/mitsuki/mitsuki_swap_pleasure_intense.png,5,mitsuki_stage5_7|mitsuki_stage5_8,高,NSFW_Hard,強い快楽・調教済み知的美女,未制作
SWAP_MITSUKI_012,mitsuki,swap_climax,/assets/characters/mitsuki/mitsuki_swap_climax.png,5,mitsuki_stage5_8,高,NSFW_Hard,絶頂表情・メガネあり/なし両方,未制作
SWAP_MISAKI_001,misaki,swap_curious,/assets/characters/misaki/misaki_swap_curious.png,2,misaki_stage2_1|misaki_stage2_3,中,SFW,入れ替わり直後・違和感,未制作
SWAP_MISAKI_002,misaki,swap_confused,/assets/characters/misaki/misaki_swap_confused.png,2,misaki_stage2_3|misaki_stage2_4|misaki_stage2_5,高,SFW,反応が違う・困惑している,未制作
SWAP_MISAKI_003,misaki,swap_dark,/assets/characters/misaki/misaki_swap_dark.png,2,misaki_stage2_2|misaki_stage2_5|misaki_stage2_6,高,SFW,不気味な感じ・何かがおかしい,未制作
SWAP_MISAKI_004,misaki,swap_desperate_attempt,/assets/characters/misaki/misaki_swap_desperate_attempt.png,3,misaki_stage3_1|misaki_stage3_3,中,NSFW_Medium,必死に調教を試みる,未制作
SWAP_MISAKI_005,misaki,swap_failing,/assets/characters/misaki/misaki_swap_failing.png,3,misaki_stage3_4|misaki_stage3_5|misaki_stage3_6,高,SFW,全く効果なし・焦っている,未制作
SWAP_MISAKI_006,misaki,swap_violated,/assets/characters/misaki/misaki_swap_violated.png,4,misaki_stage4_22|misaki_stage4_23,最高,NSFW_Hard,美咲の体で逆襲される（BADエンド開始）,未制作
SWAP_MISAKI_007,misaki,swap_pain,/assets/characters/misaki/misaki_swap_pain.png,4,misaki_stage4_23|misaki_stage4_24|misaki_stage4_25,最高,NSFW_Hard,痛み・苦痛の表情,未制作
SWAP_MISAKI_008,misaki,swap_desperate,/assets/characters/misaki/misaki_swap_desperate.png,4,misaki_stage4_20|misaki_stage4_28|misaki_stage4_29,最高,NSFW_Hard,必死の表情・やめてと懇願,未制作
SWAP_MISAKI_009,misaki,swap_climax_forced,/assets/characters/misaki/misaki_swap_climax_forced.png,4,misaki_stage4_24|misaki_stage4_26|misaki_stage4_30|misaki_stage4_36,最高,NSFW_Hard,強制絶頂・屈辱の快楽,未制作
SWAP_MISAKI_010,misaki,swap_ahegao,/assets/characters/misaki/misaki_swap_ahegao.png,4,misaki_stage4_37|misaki_stage4_42|misaki_stage4_43|misaki_stage4_45|misaki_stage4_46,最高,NSFW_Hard,アヘ顔・完全に壊れた表情,未制作
SWAP_MISAKI_011,misaki,swap_broken,/assets/characters/misaki/misaki_swap_broken.png,4,misaki_stage4_43|misaki_stage4_44|misaki_stage4_49|misaki_stage4_59,最高,NSFW_Hard,精神崩壊・目が虚ろ,未制作
SWAP_MISAKI_012,misaki,swap_ahegao_dying,/assets/characters/misaki/misaki_swap_ahegao_dying.png,4,misaki_stage4_59|misaki_stage4_60,最高,NSFW_Hard,アヘ顔のまま首を絞められる,未制作
